3262885208,3262885295,EUR
3262885296,3262885303,EUR
3262885304,3262885431,EUR
3262885432,3262885439,EUR
3262885440,3262885447,EUR
3262885448,3262885463,EUR
3262885464,3262885703,EUR
3262885704,3262885727,EUR
3262885728,3262885743,EUR
3262885744,3262885751,EUR
3262885752,3262885759,EUR
3262885760,3262885767,EUR
3262885768,3262885855,EUR
3262885856,3262885863,EUR
3262885864,3262885895,EUR
3262885896,3262885903,EUR
3262885904,3262885927,EUR
3262885928,3262885935,EUR
3262885936,3262886015,EUR
3262886016,3262886023,EUR
3262886024,3262886167,EUR
3262886168,3262886175,EUR
3262886176,3262886191,EUR
3262886192,3262886199,EUR
3262886200,3262886247,EUR
3262886248,3262886255,EUR
3262886256,3262886407,EUR
3262886408,3262886415,EUR
3262886416,3262886455,EUR
3262886456,3262886463,EUR
3262886464,3262886551,EUR
3262886552,3262886559,EUR
3262886560,3262886583,EUR
3262886584,3262886591,EUR
3262886592,3262886655,EUR
3262886656,3262886663,EUR
3262886664,3262886679,EUR
3262886680,3262886687,EUR
3262886688,3262886735,EUR
3262886736,3262886751,EUR
3262886752,3262886767,EUR
3262886768,3262886783,EUR
3262886784,3262886791,EUR
3262886792,3262886807,EUR
3262886808,3262886887,EUR
3262886888,3262886903,EUR
3262886904,3262886991,EUR
3262886992,3262887007,EUR
3262887008,3262887031,EUR
3262887032,3262887039,EUR
3262887040,3262887167,EUR
3262887168,3262887175,EUR
3262887176,3262887191,EUR
3262887192,3262887199,EUR
3262887200,3262887247,EUR
3262887248,3262887255,EUR
3262887256,3262887367,EUR
3262887368,3262887375,EUR
3262887376,3262887479,EUR
3262887480,3262887495,EUR
3262887496,3262887519,EUR
3262887520,3262887527,EUR
3262887528,3262887559,EUR
3262887560,3262887567,EUR
3262887568,3262887647,EUR
3262887648,3262887663,EUR
3262887664,3262887783,EUR
3262887784,3262887799,EUR
3262887800,3262888023,EUR
3262888024,3262888031,EUR
3262888032,3262888167,EUR
3262888168,3262888175,EUR
3262888176,3262888191,EUR
3262888192,3262888199,EUR
3262888200,3262888207,EUR
3262888208,3262888215,EUR
3262888216,3262888255,EUR
3262888256,3262888263,EUR
3262888264,3262888391,EUR
3262888392,3262888399,EUR
3262888400,3262888447,EUR
3262888448,3262888455,EUR
3262888456,3262888511,EUR
3262888512,3262888527,EUR
3262888528,3262888535,EUR
3262888536,3262888543,EUR
3262888544,3262888575,EUR
3262888576,3262888583,EUR
3262888584,3262888735,EUR
3262888736,3262888743,EUR
3262888744,3262888783,EUR
3262888784,3262888791,EUR
3262888792,3262888807,EUR
3262888808,3262888815,EUR
3262888816,3262888839,EUR
3262888840,3262888847,EUR
3262888848,3262888943,EUR
3262888944,3262888951,EUR
3262888952,3262888983,EUR
3262888984,3262888991,EUR
3262888992,3262889031,EUR
3262889032,3262889039,EUR
3262889040,3262889095,EUR
3262889096,3262889103,EUR
3262889104,3262889111,EUR
3262889112,3262889119,EUR
3262889120,3262889167,EUR
3262889168,3262889175,EUR
3262889176,3262889207,EUR
3262889208,3262889215,EUR
3262889216,3262889343,EUR
3262889344,3262889359,EUR
3262889360,3262889399,EUR
3262889400,3262889407,EUR
3262889408,3262889415,EUR
3262889416,3262889423,EUR
3262889424,3262889519,EUR
3262889520,3262889527,EUR
3262889528,3262889543,EUR
3262889544,3262889567,EUR
3262889568,3262889583,EUR
3262889584,3262889599,EUR
3262889600,3262889671,EUR
3262889672,3262889679,EUR
3262889680,3262889703,EUR
3262889704,3262889711,EUR
3262889712,3262889775,EUR
3262889776,3262889783,EUR
3262889784,3262889983,EUR
3262889984,3262889999,EUR
3262890000,3262890007,EUR
3262890008,3262890015,EUR
3262890016,3262890047,EUR
3262890048,3262890055,EUR
3262890056,3262890087,EUR
3262890088,3262890095,EUR
3262890096,3262890135,EUR
3262890136,3262890143,EUR
3262890144,3262890295,EUR
3262890296,3262890303,EUR
3262890304,3262890319,EUR
3262890320,3262890327,EUR
3262890328,3262890583,EUR
3262890584,3262890591,EUR
3262890592,3262890623,EUR
3262890624,3262890631,EUR
3262890632,3262890639,EUR
3262890640,3262890647,EUR
3262890648,3262890703,EUR
3262890704,3262890711,EUR
3262890712,3262890839,EUR
3262890840,3262890855,EUR
3262890856,3262890879,EUR
3262890880,3262890887,EUR
3262890888,3262890991,EUR
3262890992,3262890999,EUR
3262891000,3262891015,EUR
3262891016,3262891023,EUR
3262891024,3262891047,EUR
3262891048,3262891055,EUR
3262891056,3262891191,EUR
3262891192,3262891215,EUR
3262891216,3262891359,EUR
3262891360,3262891367,EUR
3262891368,3262891455,EUR
3262891456,3262891471,EUR
3262891472,3262891479,EUR
3262891480,3262891487,EUR
3262891488,3262891519,EUR
3262891520,3262891527,EUR
3262891528,3262891607,EUR
3262891608,3262891615,EUR
3262891616,3262891647,EUR
3262891648,3262891663,EUR
3262891664,3262891759,EUR
3262891760,3262891767,EUR
3262891768,3262891871,EUR
3262891872,3262891879,EUR
3262891880,3262892095,EUR
3262892096,3262892103,EUR
3262892104,3262892119,EUR
3262892120,3262892127,EUR
3262892128,3262892223,EUR
3262892224,3262892231,EUR
3262892232,3262892311,EUR
3262892312,3262892319,EUR
3262892320,3262892391,EUR
3262892392,3262892407,EUR
3262892408,3262892671,EUR
3262892672,3262892679,EUR
3262892680,3262892703,EUR
3262892704,3262892711,EUR
3262892712,3262892879,EUR
3262892880,3262892895,EUR
3262892896,3262892903,EUR
3262892904,3262892911,EUR
3262892912,3262892991,EUR
3262892992,3262892999,EUR
3262893000,3262893127,EUR
3262893128,3262893135,EUR
3262893136,3262893151,EUR
3262893152,3262893159,EUR
3262893160,3262893255,EUR
3262893256,3262893263,EUR
3262893264,3262893327,EUR
3262893328,3262893335,EUR
3262893336,3262893343,EUR
3262893344,3262893351,EUR
3262893352,3262893479,EUR
3262893480,3262893487,EUR
3262893488,3262893535,EUR
3262893536,3262893543,EUR
3262893544,3262893679,EUR
3262893680,3262893687,EUR
3262893688,3262893775,EUR
3262893776,3262893783,EUR
3262893784,3262893879,EUR
3262893880,3262893887,EUR
3262893888,3262893975,EUR
3262893976,3262893983,EUR
3262893984,3262894039,EUR
3262894040,3262894047,EUR
3262894048,3262894119,EUR
3262894120,3262894127,EUR
3262894128,3262894239,EUR
3262894240,3262894247,EUR
3262894248,3262894359,EUR
3262894360,3262894367,EUR
3262894368,3262894455,EUR
3262894456,3262894471,EUR
3262894472,3262894511,EUR
3262894512,3262894519,EUR
3262894520,3262894575,EUR
3262894576,3262894591,EUR
3262894592,3262894623,EUR
3262894624,3262894631,EUR
3262894632,3262894791,EUR
3262894792,3262894799,EUR
3262894800,3262894831,EUR
3262894832,3262894839,EUR
3262894840,3262894855,EUR
3262894856,3262894863,EUR
3262894864,3262895055,EUR
3262895056,3262895063,EUR
3262895064,3262895103,EUR
3262895104,3262895111,EUR
3262895112,3262895119,EUR
3262895120,3262895127,EUR
3262895128,3262895159,EUR
3262895160,3262895183,EUR
3262895184,3262895223,EUR
3262895224,3262895231,EUR
3262895232,3262895335,EUR
3262895336,3262895343,EUR
3262895344,3262895367,EUR
3262895368,3262895375,EUR
3262895376,3262895415,EUR
3262895416,3262895423,EUR
3262895424,3262895487,EUR
3262895488,3262895511,EUR
3262895512,3262895551,EUR
3262895552,3262895559,EUR
3262895560,3262895679,EUR
3262895680,3262895687,EUR
3262895688,3262895727,EUR
3262895728,3262895735,EUR
3262895736,3262895775,EUR
3262895776,3262895783,EUR
3262895784,3262895911,EUR
3262895912,3262895919,EUR
3262895920,3262895991,EUR
3262895992,3262895999,EUR
3262896000,3262896183,EUR
3262896184,3262896191,EUR
3262896192,3262896207,EUR
3262896208,3262896215,EUR
3262896216,3262896223,EUR
3262896224,3262896231,EUR
3262896232,3262896271,EUR
3262896272,3262896279,EUR
3262896280,3262896327,EUR
3262896328,3262896335,EUR
3262896336,3262896471,EUR
3262896472,3262896479,EUR
3262896480,3262896727,EUR
3262896728,3262896735,EUR
3262896736,3262896943,EUR
3262896944,3262896951,EUR
3262896952,3262896959,EUR
3262896960,3262896967,EUR
3262896968,3262896983,EUR
3262896984,3262896991,EUR
3262896992,3262897167,EUR
3262897168,3262897175,EUR
3262897176,3262897295,EUR
3262897296,3262897303,EUR
3262897304,3262897343,EUR
3262897344,3262897351,EUR
3262897352,3262897447,EUR
3262897448,3262897455,EUR
3262897456,3262897503,EUR
3262897504,3262897511,EUR
3262897512,3262897655,EUR
3262897656,3262897663,EUR
3262897664,3262897791,EUR
3262897792,3262897799,EUR
3262897800,3262897815,EUR
3262897816,3262897823,EUR
3262897824,3262897983,EUR
3262897984,3262897991,EUR
3262897992,3262898103,EUR
3262898104,3262898111,EUR
3262898112,3262898119,EUR
3262898120,3262898127,EUR
3262898128,3262898199,EUR
3262898200,3262898207,EUR
3262898208,3262898231,EUR
3262898232,3262898239,EUR
3262898240,3262898351,EUR
3262898352,3262898367,EUR
3262898368,3262898431,EUR
3262898432,3262898439,EUR
3262898440,3262898471,EUR
3262898472,3262898479,EUR
3262898480,3262898551,EUR
3262898552,3262898559,EUR
3262898560,3262898599,EUR
3262898600,3262898607,EUR
3262898608,3262898639,EUR
3262898640,3262898647,EUR
3262898648,3262898703,EUR
3262898704,3262898711,EUR
3262898712,3262898727,EUR
3262898728,3262898735,EUR
3262898736,3262898807,EUR
3262898808,3262898815,EUR
3262898816,3262898863,EUR
3262898864,3262898871,EUR
3262898872,3262898879,EUR
3262898880,3262898887,EUR
3262898888,3262898951,EUR
3262898952,3262898959,EUR
3262898960,3262899007,EUR
3262899008,3262899015,EUR
3262899016,3262899031,EUR
3262899032,3262899047,EUR
3262899048,3262899103,EUR
3262899104,3262899111,EUR
3262899112,3262899159,EUR
3262899160,3262899175,EUR
3262899176,3262899255,EUR
3262899256,3262899263,EUR
3262899264,3262899271,EUR
3262899272,3262899279,EUR
3262899280,3262899423,EUR
3262899424,3262899431,EUR
3262899432,3262899655,EUR
3262899656,3262899663,EUR
3262899664,3262899743,EUR
3262899744,3262899751,EUR
3262899752,3262899935,EUR
3262899936,3262899943,EUR
3262899944,3262899959,EUR
3262899960,3262899967,EUR
3262899968,3262900055,EUR
3262900056,3262900063,EUR
3262900064,3262900183,EUR
3262900184,3262900191,EUR
3262900192,3262900223,EUR
3262900224,3262900479,EUR
3262900480,3262900487,EUR
3262900488,3262900503,EUR
3262900504,3262900583,EUR
3262900584,3262900591,EUR
3262900592,3262900663,EUR
3262900664,3262900671,EUR
3262900672,3262900799,EUR
3262900800,3262900807,EUR
3262900808,3262900919,EUR
3262900920,3262900927,EUR
3262900928,3262901015,EUR
3262901016,3262901023,EUR
3262901024,3262901079,EUR
3262901080,3262901087,EUR
3262901088,3262901111,EUR
3262901112,3262901119,EUR
3262901120,3262901207,EUR
3262901208,3262901215,EUR
3262901216,3262901511,EUR
3262901512,3262901519,EUR
3262901520,3262901615,EUR
3262901616,3262901623,EUR
3262901624,3262901663,EUR
3262901664,3262901671,EUR
3262901672,3262901743,EUR
3262901744,3262901759,EUR
3262901760,3262901887,EUR
3262901888,3262901895,EUR
3262901896,3262901975,EUR
3262901976,3262901983,EUR
3262901984,3262902175,EUR
3262902176,3262902183,EUR
3262902184,3262902295,EUR
3262902296,3262902303,EUR
3262902304,3262902327,EUR
3262902328,3262902335,EUR
3262902336,3262902631,EUR
3262902632,3262902639,EUR
3262902640,3262902727,EUR
3262902728,3262902735,EUR
3262902736,3262902831,EUR
3262902832,3262902839,EUR
3262902840,3262902871,EUR
3262902872,3262902879,EUR
3262902880,3262902991,EUR
3262902992,3262902999,EUR
3262903000,3262903047,EUR
3262903048,3262903055,EUR
3262903056,3262903143,EUR
3262903144,3262903151,EUR
3262903152,3262903327,EUR
3262903328,3262903343,EUR
3262903344,3262903399,EUR
3262903400,3262903407,EUR
3262903408,3262903575,EUR
3262903576,3262903583,EUR
3262903584,3262903623,EUR
3262903624,3262903631,EUR
3262903632,3262903671,EUR
3262903672,3262903679,EUR
3262903680,3262903751,EUR
3262903752,3262903759,EUR
3262903760,3262903807,EUR
3262903808,3262903815,EUR
3262903816,3262903831,EUR
3262903832,3262903839,EUR
3262903840,3262904095,EUR
3262904096,3262904103,EUR
3262904104,3262904127,EUR
3262904128,3262904135,EUR
3262904136,3262904167,EUR
3262904168,3262904175,EUR
3262904176,3262904215,EUR
3262904216,3262904223,EUR
3262904224,3262904255,EUR
3262904256,3262904263,EUR
3262904264,3262904319,EUR
3262904320,3262904327,EUR
3262904328,3262904383,EUR
3262904384,3262904391,EUR
3262904392,3262904463,EUR
3262904464,3262904471,EUR
3262904472,3262904583,EUR
3262904584,3262904591,EUR
3262904592,3262904631,EUR
3262904632,3262904639,EUR
3262904640,3262904655,EUR
3262904656,3262904663,EUR
3262904664,3262904703,EUR
3262904704,3262904711,EUR
3262904712,3262904791,EUR
3262904792,3262904799,EUR
3262904800,3262904959,EUR
3262904960,3262904967,EUR
3262904968,3262904975,EUR
3262904976,3262904983,EUR
3262904984,3262905007,EUR
3262905008,3262905015,EUR
3262905016,3262905111,EUR
3262905112,3262905119,EUR
3262905120,3262905199,EUR
3262905200,3262905207,EUR
3262905208,3262905223,EUR
3262905224,3262905231,EUR
3262905232,3262905239,EUR
3262905240,3262905247,EUR
3262905248,3262905287,EUR
3262905288,3262905295,EUR
3262905296,3262905327,EUR
3262905328,3262905335,EUR
3262905336,3262905375,EUR
3262905376,3262905383,EUR
3262905384,3262905399,EUR
3262905400,3262905407,EUR
3262905408,3262905495,EUR
3262905496,3262905503,EUR
3262905504,3262905511,EUR
3262905512,3262905519,EUR
3262905520,3262905559,EUR
3262905560,3262905567,EUR
3262905568,3262905647,EUR
3262905648,3262905655,EUR
3262905656,3262905751,EUR
3262905752,3262905759,EUR
3262905760,3262905991,EUR
3262905992,3262906015,EUR
3262906016,3262906039,EUR
3262906040,3262906047,EUR
3262906048,3262906103,EUR
3262906104,3262906111,EUR
3262906112,3262906223,EUR
3262906224,3262906231,EUR
3262906232,3262906295,EUR
3262906296,3262906303,EUR
3262906304,3262906327,EUR
3262906328,3262906343,EUR
3262906344,3262906367,EUR
3262906368,3262964991,CHF
3262964992,3262965247,EUR
3262965248,3262969599,CHF
3262969856,3262971903,CHF
3262971904,3263029247,EUR
3263029248,3263030271,UAH
3263030272,3263031295,GBP
3263031296,3263032319,TRY
3263032320,3263033343,RUB
3263033344,3263033855,LVL
3263033856,3263034367,EUR
3263034368,3263034879,UAH
3263034880,3263035391,GBP
3263035392,3263035903,UAH
3263035904,3263036415,CHF
3263036416,3263036927,EUR
3263036928,3263037439,RUB
3263037440,3263045631,LBP
3263045632,3263046847,KWD
3263046848,3263046911,IQD
3263046912,3263047935,KWD
3263047936,3263048191,LBP
3263048192,3263053823,KWD
3263053824,3263062015,GBP
3263062016,3263070207,EUR
3263070208,3263070719,EUR
3263070720,3263070975,EUR
3263070976,3263071487,EUR
3263071488,3263072255,EUR
3263072256,3263074303,LBP
3263074304,3263074815,CHF
3263074816,3263075327,RON
3263075840,3263076351,SEK
3263076352,3263076863,RON
3263076864,3263077375,EUR
3263077376,3263077887,EUR
3263077888,3263078399,EUR
3263078400,3263079423,RON
3263079424,3263080447,PLN
3263080448,3263081471,RUB
3263081472,3263082495,EUR
3263082496,3263083519,RON
3263083520,3263084543,UAH
3263084544,3263085567,RON
3263085568,3263086591,CHF
3263086592,3263086847,DKK
3263086848,3263087103,EUR
3263087104,3263087871,EUR
3263087872,3263088127,EUR
3263088128,3263088639,EUR
3263088640,3263089151,CHF
3263089152,3263089407,RON
3263089408,3263089663,RUB
3263089664,3263089919,UAH
3263089920,3263090175,RON
3263090176,3263090431,EUR
3263090432,3263090687,PLN
3263090688,3263090943,EUR
3263090944,3263091199,GBP
3263091200,3263091455,PLN
3263091456,3263091711,NOK
3263091712,3263091967,EUR
3263091968,3263092479,HRK
3263092480,3263092735,EUR
3263092736,3263092991,PLN
3263092992,3263093247,EUR
3263093248,3263093503,CHF
3263093504,3263093759,RUB
3263093760,3263094015,RON
3263094016,3263094527,PLN
3263094528,3263094783,DKK
3263094784,3263095039,UAH
3263095040,3263095295,EUR
3263095296,3263095551,EUR
3263095552,3263095807,RON
3263095808,3263096063,EUR
3263096064,3263096319,PLN
3263096320,3263096575,TRY
3263096576,3263096831,SAR
3263097088,3263097343,EUR
3263097344,3263097599,DKK
3263097600,3263097855,EUR
3263097856,3263098111,EUR
3263098112,3263098367,EUR
3263098368,3263098623,PLN
3263098624,3263098879,EUR
3263098880,3263099135,GBP
3263099136,3263099391,EUR
3263099392,3263099903,EUR
3263099904,3263100159,RON
3263100160,3263100415,EUR
3263100416,3263100671,EUR
3263100672,3263100927,GBP
3263100928,3263101183,EUR
3263101184,3263101439,SEK
3263101440,3263101695,DKK
3263101696,3263101951,RUB
3263101952,3263102207,LTL
3263102208,3263102463,RON
3263102464,3263102719,PLN
3263102720,3263102975,EUR
3263102976,3263128575,EUR
3263128832,3263137791,EUR
3263137792,3263138303,PLN
3263138304,3263138559,EUR
3263138560,3263138815,EUR
3263138816,3263148543,EUR
3263149056,3263155711,EUR
3263155968,3263168511,EUR
3263168512,3263430655,GBP
3263430656,3263436799,SEK
3263436800,3263437311,GBP
3263437312,3263477759,SEK
3263477760,3263478015,JPY
3263478016,3263478271,AUD
3263478272,3263496191,SEK
3263497984,3263498239,GBP
3263498752,3263498879,USD
3263498880,3263498943,GBP
3263498960,3263499007,GBP
3263499776,3263500031,EUR
3263500032,3263500287,GBP
3263500800,3263501341,GBP
3263501344,3263501439,GBP
3263501440,3263501503,USD
3263501504,3263501519,GBP
3263501520,3263501527,IRR
3263501528,3263501535,GBP
3263501536,3263501551,EUR
3263501552,3263501823,GBP
3263501824,3263502079,EGP
3263503104,3263503167,EUR
3263503200,3263503267,EUR
3263503272,3263503279,EUR
3263503296,3263503359,EUR
3263503872,3263504127,GBP
3263504128,3263504255,EGP
3263506688,3263506815,EUR
3263506816,3263506943,USD
3263507200,3263507455,USD
3263508224,3263508479,GBP
3263509504,3263509759,SEK
3263509760,3263509791,GBP
3263509792,3263509807,EUR
3263509808,3263509831,GBP
3263509832,3263509839,EUR
3263509840,3263509847,GBP
3263509848,3263509887,USD
3263509888,3263510023,GBP
3263510024,3263510031,EUR
3263510032,3263510063,GBP
3263510064,3263510079,USD
3263510080,3263510271,GBP
3263511296,3263511551,GBP
3263512064,3263512311,GBP
3263513344,3263513599,USD
3263513856,3263514111,RUB
3263516672,3263516927,USD
3263516928,3263517183,GBP
3263517696,3263517951,USD
3263517952,3263518463,GBP
3263518464,3263518719,EUR
3263518720,3263518751,IRR
3263518976,3263519231,GBP
3263519744,3263519759,GBP
3263520256,3263520511,EUR
3263520512,3263520767,USD
3263521792,3263522047,GBP
3263523072,3263523583,EUR
3263525760,3263525887,EUR
3263527424,3263527679,ZWL
3263527680,3263527935,EUR
3263528192,3263528447,EUR
3263528704,3263528959,GBP
3263530496,3263530751,GBP
3263531520,3263531535,EUR
3263531552,3263531775,EUR
3263532544,3263532799,GBP
3263537664,3263538431,TRY
3263540224,3263540479,TRY
3263540480,3263540735,GBP
3263541504,3263541535,GBP
3263557632,3263557887,TRY
3263558656,3263558911,TRY
3263558912,3263559679,GBP
3263559680,3263560191,TRY
3263560448,3263560703,TRY
3263560960,3263561231,TRY
3263561472,3263561727,TRY
3263561728,3263627263,EUR
3263627264,3263657471,RUB
3263657472,3263657727,KZT
3263657728,3263684351,RUB
3263684352,3263684607,UAH
3263684608,3263688959,RUB
3263688960,3263689215,UAH
3263689216,3263689471,RUB
3263689472,3263689727,UAH
3263689728,3263689983,RUB
3263689984,3263690239,UAH
3263690240,3263691775,RUB
3263691776,3263692031,UAH
3263692032,3263692287,RUB
3263692288,3263692799,UAH
3263692800,3263760127,EUR
3263760128,3263760383,SEK
3263760384,3263764991,EUR
3263764992,3263765503,EUR
3263765504,3263766975,EUR
3263766976,3263767039,RUB
3263767040,3263773951,EUR
3263773952,3263774207,EUR
3263774208,3263774463,EUR
3263774464,3263774719,EUR
3263774720,3263792351,EUR
3263792352,3263792367,SEK
3263792368,3263793151,EUR
3263793152,3263793407,EUR
3263793408,3263816703,EUR
3263816704,3263816959,EUR
3263816960,3263817215,EUR
3263817216,3263823871,EUR
3263823872,3263954943,EUR
3263954944,3263979519,EUR
3263979520,3263987711,EUR
3263987712,3264004095,EUR
3264004096,3264012287,HUF
3264012288,3264012543,EUR
3264012544,3264012799,EUR
3264012800,3264013055,GBP
3264013056,3264013311,TRY
3264013312,3264013567,UAH
3264013568,3264013823,RUB
3264013824,3264014079,EUR
3264014080,3264014335,EUR
3264014336,3264014591,EUR
3264014592,3264014847,PLN
3264014848,3264015103,EUR
3264015104,3264015359,RON
3264015360,3264015615,DKK
3264015616,3264015871,UAH
3264015872,3264016127,EUR
3264016384,3264016639,SEK
3264016640,3264016895,PLN
3264016896,3264017151,GBP
3264017152,3264017663,SEK
3264017664,3264017919,RON
3264017920,3264018175,EUR
3264018176,3264018431,EUR
3264018432,3264018687,HUF
3264018688,3264018943,GBP
3264018944,3264019199,PLN
3264019200,3264019967,GBP
3264019968,3264020223,EUR
3264020224,3264020479,PLN
3264020480,3264086015,BGN
3264086016,3264099839,EUR
3264099840,3264100095,GBP
3264100096,3264124927,EUR
3264124928,3264125183,EUR
3264125184,3264125439,EUR
3264125440,3264125695,EUR
3264125696,3264125951,EUR
3264125952,3264133375,EUR
3264133376,3264133631,SEK
3264133632,3264151551,EUR
3264151552,3264184319,NOK
3264184320,3264184831,MDL
3264184832,3264185343,EUR
3264185344,3264185855,EUR
3264185856,3264186367,EUR
3264186368,3264186879,UAH
3264186880,3264187391,RUB
3264187392,3264187903,IRR
3264187904,3264188415,EUR
3264188416,3264189439,UAH
3264189440,3264190463,RUB
3264190464,3264190975,LVL
3264190976,3264191487,GBP
3264191488,3264191999,EUR
3264192000,3264200703,GBP
3264200704,3264208895,EUR
3264208896,3264217087,HUF
3264217088,3264282623,ISK
3264282624,3264290815,GBP
3264290816,3264296191,EUR
3264296192,3264297727,EUR
3264297728,3264298751,EUR
3264298752,3264299007,BGN
3264299008,3264307199,EUR
3264307200,3264311295,PLN
3264311296,3264311551,EUR
3264311552,3264311807,EUR
3264311808,3264312063,EUR
3264312064,3264312319,CHF
3264312320,3264312575,PLN
3264312576,3264312831,UAH
3264312832,3264313087,EUR
3264313088,3264313343,EUR
3264313344,3264313599,RON
3264313600,3264313855,EUR
3264313856,3264314623,EUR
3264314624,3264314879,SEK
3264314880,3264315135,GBP
3264315136,3264315391,EUR
3264315392,3264317439,EUR
3264317440,3264318463,EUR
3264318464,3264318975,EUR
3264318976,3264319487,EUR
3264319488,3264319743,EUR
3264319744,3264319999,SEK
3264320000,3264320255,EUR
3264320256,3264321023,GBP
3264321024,3264321535,EUR
3264321536,3264321791,SEK
3264321792,3264322047,RSD
3264322048,3264322303,EUR
3264322304,3264322559,RON
3264322560,3264322815,HUF
3264322816,3264323071,CHF
3264323072,3264323327,RUB
3264323328,3264323583,RON
3264323584,3264324607,BGN
3264324608,3264325631,SEK
3264325632,3264326655,RUB
3264326656,3264327679,SEK
3264327680,3264328703,EUR
3264328704,3264329727,CZK
3264329728,3264330751,PLN
3264330752,3264331775,GBP
3264331776,3264332287,EUR
3264332288,3264332799,EUR
3264332800,3264333311,GBP
3264333312,3264333823,UAH
3264333824,3264334335,EUR
3264334336,3264334847,UAH
3264334848,3264335359,PLN
3264335360,3264335871,EUR
3264335872,3264336383,EUR
3264336384,3264336895,GBP
3264336896,3264337407,RUB
3264337408,3264338431,UAH
3264338432,3264338943,EUR
3264338944,3264339455,UAH
3264339456,3264339967,GBP
3264339968,3264340223,EUR
3264340224,3264340479,PLN
3264340480,3264340735,EUR
3264340736,3264340991,UAH
3264340992,3264341503,PLN
3264341504,3264341759,EUR
3264341760,3264342015,EUR
3264342016,3264342783,EUR
3264342784,3264343039,EUR
3264343040,3264343295,EUR
3264343296,3264343551,GBP
3264343552,3264343807,RON
3264343808,3264344063,EUR
3264344064,3264345087,GBP
3264345088,3264346111,EUR
3264346112,3264347135,SEK
3264347136,3264348159,EUR
3264348160,3264350463,EUR
3264350720,3264372223,EUR
3264372736,3264375039,EUR
3264375040,3264376063,SEK
3264376064,3264376319,HRK
